slug,title,reading,category,related_people,tournament,summary,content,tags,status
kingum,金ガム,きんがむ,あだ名,田邉隆平,第4回ブラジル大会,ブラジル大会で金髪に染め国歌斉唱中にガムを噛んでいたことから命名された田邉隆平の異名,"ブラジル大会で、現地で髪を金髪に染め上げた田邉隆平選手。試合前の国歌斉唱中にガムを噛んでいたため、コメント欄は大荒れ。「金髪＋ガム＝金ガム」という不名誉なあだ名が定着してしまいました。

しかし、実は内に秘めた熱い思いを持つ男であることが判明。うんこちゃん（加藤純一）の熱い言葉に不敵な笑みを浮かべ、見事に得点を決める大活躍！

大会が終わる頃には「キングガム」と呼ばれるほどの愛されキャラへと変貌を遂げました。","あだ名, ブラジル, 田邉隆平, 愛され",公開
hate-tank,ヘイトタンク,へいとたんく,あだ名,金武航二朗,第1回メキシコ大会,メキシコ大会で批判の的を引き受ける覚悟を自称した金武航二朗の異名,"メキシコ大会に参加したお調子者の金武航二朗（こうじろう）選手。スベろうが構わずくだらないことを言って盛り上げるプレースタイルが一部の反感を買い、ヘイトを一身に集める事態に。

しかし、彼はそこで「**じゃあ俺、ヘイトタンクでいいよ**」と堂々と宣言。自らヘイトの避雷針となることで見事にキャラを確立し、シュートも決めてメキシコ大会の愛されキャラに成り上がりました。

その後もこのキャラは引き継がれ、金武航二朗本人もXで「**プレジデント×ヘイトタンク10番 / 最強×最弱**」と自称するなど、もはやチームを象徴する立ち位置として定着しています。","あだ名, メキシコ, こうじろう, 愛され",公開
luigi,ルイージ,るいーじ,あだ名,金武航二朗,第3回フランス大会以降,海外ウケを狙ったルイージコスプレが裏目に出てアンチを増やしてしまった金武航二朗のキャラ,"愛されキャラになったはずの金武航二朗（こうじろう）選手ですが、その後なぜか海外ウケを狙って「ルイージ」のコスプレでショート動画を量産し始めます。

あろうことか、常設メンバーを決める真剣なセレクション（または練習）の場にまでルイージの格好で登場。これには「ふざけるな」とドン引きされ、アンチを激増させてしまいます。

今では配信で彼の名前が出るだけで、コメント欄が「ルイージ」「あ、あ、あ」とイジりで埋め尽くされるようになってしまいました。","あだ名, こうじろう, ネタ",公開
kyou-mo-saikou,今日も最高の1日にしよう！,きょうもさいこうのいちにちにしよう,セリフ,"圓乘健介, 深谷圭佑",-,深谷圭佑が同部屋の圓乘健介を毎朝叩き起こすときのテンションMAX挨拶,"超ポジティブ人間の深谷圭佑（けーすけ）選手は、同部屋の圓乘健介（エンケン）選手を毎朝「**今日も最高の1日にしよう！**」とテンションMAXで叩き起こしていました。

エンケン選手はすっかりノイローゼ気味になっていましたが、最新のセレクションでエンケン選手が惜しくも辞退を表明した際、深谷選手から「**今日も最高の人生にしよう**」という粋なメッセージが贈られ、ファンの涙を誘う感動のエピソードへと昇華されました。","セリフ, 名場面, 深谷圭佑, 圓乘健介, 感動",公開
jinsei-kaetagari-ojisan,人生変えたがりおじさん,じんせいかえたがりおじさん,あだ名,加藤純一,-,大会のたびに「人生を変える」と熱弁する加藤純一に対するファンの愛あるイジり,"オーナーであるうんこちゃん（加藤純一）は、大会のたびに選手たちを集めて「**俺はお前らの人生を変えるためにやってるんだ！**」「**人生変わるぞ！**」と熱弁を振るいます。

あまりに毎回言うため、リスナーからは「**はい出た、人生変えたがりおじさん**」とツッコまれる始末。

しかし、実際にこの大会を機に知名度を上げたり、サッカーに人生を懸けたりする選手が続出しており、あながち間違っていないのが面白いところです。","あだ名, 加藤純一, セリフ",公開
miyakojima-jiken,宮古島事件,みやこじまじけん,事件・出来事,"杉本竜士, 加藤純一, 杉本竜士の父",第3回フランス大会,杉本竜士が大会直前に自責の念から宮古島へ逃亡しかけた事件。父の電話「お前のガキじゃねえぞ」で帰還した,"第3回フランス大会の国内合宿中、柿谷曜一朗のアキレス腱負傷による離脱発表を受けて、杉本竜士は自身が直前に配信で行ってしまった不用意な発言を深く後悔。「俺はキングスに出る立場じゃない」と思い詰め、誰にも連絡せずに宮古島行きの航空券を取って羽田空港へ向かいました。

搭乗直前に携帯の電源を入れると父親から電話がかかってきて、

**「お前、ここで逃げるんだったら俺のガキじゃねえぞ」**

と一喝。ハッと我に返ってチームに戻り、加藤純一・柴田涼太郎GMと全員の前で涙ながらに謝罪。チームは温かく迎え入れました。

ファンの間で「宮古島事件」として語り継がれる、ムラッシュFCの歴史に残るドラマです。","事件, ドラマ, 家族, 父, 杉本竜士, 名場面",公開
oda-takkyu-jiken,小田崚平卓球事件,おだりょうへいたっきゅうじけん,事件・出来事,小田崚平,第3回フランス大会,小田崚平がブラジル人選手に卓球で挑発され敗北し罰ゲームでワンワン歩きを強いられた屈辱エピソード,"フランス（またはイタリア）大会での出来事。小田崚平選手がブラジル人選手に卓球に誘われ、「**日本人ならできるだろ**」と勝負を挑まれるもあっけなく敗北。

罰ゲームとして卓球台の下を四つん這いで「**ワンワン**」と犬のように歩かされるという屈辱を味わいます。

しかしその後、卓球の強い別メンバーが見事に仇を取り、なんとか日本の面目を保ったというスッキリ（？）エピソードです。","事件, 小田崚平, 国際交流, ネタ",公開
kato-fan-kanchigai,加藤純一の相手オーナー勘違い事件,かとうじゅんいちのあいておーなーかんちがいじけん,事件・出来事,加藤純一,第1回メキシコ大会,加藤純一がコスプレファンを敵チームオーナーと勘違いして熱心に話しかけていた珍事件,"メキシコ大会の試合前日。熱気高まる中、加藤純一オーナーはピエロ（またはカエル）の格好をした人物を、敵チーム（Raniza FC）のオーナーだと思い込み熱心に話しかけていました。

しかし、実はその人物、ただの熱狂的な現地ファンだったことが判明！

オーナー渾身の勘違いという、なんとも微笑ましい珍事件です。","事件, 加藤純一, メキシコ, ネタ",公開
my-number-selection,マイナンバーセレクション,まいなんばーせれくしょん,事件・出来事,"加藤純一, 初期応募者",第1回メキシコ大会,応募フォームでマイナンバーの入力を求めた、初期ムラッシュFCを象徴するカオスな選考,初参戦メンバーを集める応募フォームに、なぜかマイナンバーの入力欄が用意されていた出来事。世界大会へ挑むチームの募集とは思えない個人情報の要求に、初期ムラッシュFCらしい勢いと危うさが凝縮されている。,"事件, メキシコ, セレクション, 初期, カオス",公開
isshukango-selection,1週間後セレクション,いっしゅうかんごせれくしょん,事件・出来事,"加藤純一, 初期応募者",第1回メキシコ大会,開催のおよそ1週間前に告知された、準備期間ほぼゼロの超突発セレクション,初回セレクションは開催まで約1週間という突然のスケジュールで告知された。応募者は体作りや予定調整の猶予もほとんどないまま参加することになり、すべてがノリと勢いで始まった初期らしい小ネタ。,"事件, メキシコ, セレクション, 突発, カオス",公開
mikeikensha-tryout,未経験者も世界大会トライアウト,みけいけんしゃもせかいたいかいとらいあうと,事件・出来事,初期応募者,第1回メキシコ大会,サッカー未経験者まで参加した、世界大会メンバー選考とは思えない懐の広さ,世界大会に挑むメンバーを決めるトライアウトでありながら、サッカー未経験者も会場に現れた。競技力だけでは説明できない応募者層の広さが、ムラッシュFCが普通のサッカーチームではないことを早々に示した。,"事件, メキシコ, セレクション, 未経験, カオス",公開
murash-choco,ムラッシュチョコ,むらっしゅちょこ,事件・出来事,"加藤純一, メキシコ大会メンバー",第1回メキシコ大会,高級ホテルの部屋に置かれていた「ムラッシュ」と書かれた特製ウェルカムチョコ,メキシコでの滞在先は最高級ホテルで、チェックイン不要のVIP待遇。部屋にはチーム名の「ムラッシュ」と書かれたウェルカムチョコまで用意されており、想像以上の歓迎ぶりに一行が驚いた。,"小ネタ, メキシコ, ホテル, チョコ, VIP",公開
inochigake-iqos,命懸けのアイコス調達,いのちがけのあいこすちょうたつ,事件・出来事,"加藤純一, ネジ",第1回メキシコ大会,電子タバコを求め、武装警察がいる異国の街へ繰り出した到着早々の珍道中,電子タバコの持ち込み規制に困った加藤純一が、到着早々アイコスを求めて街へ。機関銃を持つ警察官や軍関係者を見て警戒しながらも、最終的には本体とタバコを入手した。サッカーより先に始まったメキシコ道中記の名場面。,"事件, メキシコ, 加藤純一, アイコス, 珍道中",公開
pique-pk-renshu,ピケにPK練習を頼む男,ぴけにぴーけーれんしゅうをたのむおとこ,事件・出来事,"加藤純一, ジェラール・ピケ",第1回メキシコ大会,大会創設者ピケにノリでPK練習を頼み、まさかの快諾を得た一幕,大会主催者ジェラール・ピケと対面した際、加藤純一は臆することなく「PK練習に付き合ってくれ」と依頼。ピケも軽やかに応じ、世界的スターとの距離感を一瞬で縮めた。,"小ネタ, メキシコ, 加藤純一, ピケ, PK",公開
totti-nisemono-giwaku,トッティ偽物疑惑,とってぃにせものぎわく,事件・出来事,"加藤純一, メキシコ大会メンバー, フランチェスコ・トッティ",第1回メキシコ大会,本物のトッティを目の前にし、オーラがありすぎて逆に偽物を疑った小ネタ,元イタリア代表のレジェンド、トッティとの写真撮影に成功。しかしあまりにも現実味がなく、メンバーからは「偽物みたい」「本当にトッティ？」という困惑の声まで出た。スターが近すぎることで起きた逆転現象。,"小ネタ, メキシコ, トッティ, 海外スター, 困惑",公開
arashi-roden-kasai-enki,嵐・漏電・火災で試合延期,あらしろうでんかさいでしあいえんき,事件・出来事,"メキシコ大会メンバー, 大会運営",第1回メキシコ大会,大雨と嵐で配電盤が漏電し、火災まで発生して開幕戦が延期された運営カオス,ユニフォームへ着替える直前、嵐による漏電と火災のため試合中止が告げられた。初戦の緊張より先に大会設備との戦いが始まり、初参戦の珍道中を象徴する出来事になった。,"事件, メキシコ, 試合延期, 火災, 運営",公開
enkigo-steak,延期後の高級ステーキ,えんきごのこうきゅうすてーき,事件・出来事,"加藤純一, メキシコ大会メンバー",第1回メキシコ大会,試合延期をポジティブに切り替え、その夜は高級ステーキで英気を養った一行,嵐で初戦が延期されても、チームは「調整できる」「思い出になる」とすぐに切り替えた。夜には高級ステーキを囲み、予想外の空白時間を結束へ変えた。,"小ネタ, メキシコ, ステーキ, 食事, チーム",公開
nihon-kimeta-mou-yameta,2本決めたからもうやめた,にほんきめたからもうやめた,セリフ,加藤純一,第1回メキシコ大会,PK練習で2本続けて成功し、好感触のまま練習終了を宣言した自信満々の一言,プレジデントPKへ向けた練習で2本連続ゴールを決めると、加藤純一は「もうやめた」と早々に切り上げた。本番前に成功のイメージだけを残す、独特のメンタル調整としてファンの記憶に残った。,"セリフ, メキシコ, 加藤純一, PK, 自信",公開
kerinaoshi-pk,蹴り直しPK右隅弾,けりなおしぴーけーみぎすみだん,事件・出来事,加藤純一,第1回メキシコ大会,相手GKのフライングで得た蹴り直しを、冷静に右隅へ決めたプレジデントPK,最初のPKは相手GKのフライングで止められたが、反則によって蹴り直しに。二度目は右隅へ落ち着いて決め、世界大会の大舞台でプレジデント自ら得点した。,"名場面, メキシコ, 加藤純一, PK, ゴール",公開
kankochu-nazo-assist,観光中5分出場で謎アシスト,かんこうちゅうごふんしゅつじょうでなぞあしすと,事件・出来事,加藤純一,第1回メキシコ大会,プレジデント同士の試合に急きょ5分出場し、適当なキックからアシストまで記録,観光中にプレジデント同士の試合へ急きょ駆り出され、約5分だけ出場。何気なく蹴ったボールを味方がゴールへつなげ、公式戦とは別の場所でアシストが生まれた。,"小ネタ, メキシコ, 加藤純一, アシスト, 奇跡",公開
kiyo-double-goal,キヨのダブルゴール神シュート,きよのだぶるごーるかみしゅーと,事件・出来事,清川大輝,第1回メキシコ大会,得点が2倍になる時間帯を突き、チームを勢いづけた清川大輝の一撃,苦しい展開の中、清川大輝が得点2倍の特殊時間を生かしてゴール。通常の1点ではなく一挙2点となる一撃で、初参戦チームに大きな勢いをもたらした。,"名場面, メキシコ, 清川大輝, ダブルゴール, シュート",公開
nasu-no-tame-nimo,那須のためにも負けられない,なすのためにもまけられない,セリフ,"那須大亮, メキシコ大会メンバー",第1回メキシコ大会,カードで次戦に出られない那須大亮のため、チームが奮起した仲間思いの言葉,体を張った守備でカードを受け、次戦に出場できなくなった那須大亮。残るメンバーは「ナスのためにも負けられない」と気持ちを一つにし、最年長選手への信頼を示した。,"セリフ, メキシコ, 那須大亮, 仲間, 結束",公開
captain-ikkai-yattadake,キャプテン1回やっただけ,きゃぷてんいっかいやっただけ,セリフ,"加藤純一, 那須大亮",第1回メキシコ大会,那須大亮の輝かしい経歴を、加藤純一が極端に小さくまとめた愛あるイジり,元日本代表で数々の経験を持つ那須大亮に対し、加藤純一が功績を「キャプテン1回やっただけ」と雑に要約。実績の大きさと紹介の軽さの落差が笑いを生んだ。,"セリフ, メキシコ, 加藤純一, 那須大亮, イジり",公開
own-goal-shitadake,オウンゴールしただけ,おうんごーるしただけ,セリフ,"加藤純一, 那須大亮",第1回メキシコ大会,那須大亮への愛あるイジりとして飛び出した、経歴を乱暴に要約する一言,那須大亮を紹介する流れで、加藤純一が「オウンゴールしただけ」と容赦なくイジった場面。もちろん実績を承知した上での発言で、チーム内の距離の近さが伝わる。,"セリフ, メキシコ, 加藤純一, 那須大亮, イジり",公開
ronaldinho-aitai-otoko,ロナウジーニョに会いたい男,ろなうじーにょにあいたいおとこ,あだ名,金武航二朗,第1回メキシコ大会,ロナウジーニョに会える可能性を原動力に、誰より大声でチームを鼓舞したこうじろう,サッカーの華々しい経歴がない金武航二朗が、世界大会へ全力で飛び込んだ大きな理由の一つが「ロナウジーニョに会えるかもしれない」。その期待を燃料に、声と明るさでチームを支え続けた。,"あだ名, メキシコ, 金武航二朗, ロナウジーニョ, 愛され",公開
pk-shinsei-more-jiken,PK申請漏れ事件,ぴーけーしんせいもれじけん,事件・出来事,"加藤純一, 大会運営",第1回メキシコ大会,加藤純一が万全の準備で待っていたのに、運営への申請が通っておらずPKを蹴れなかった事件,勝てば次へ進める試合で、加藤純一は蹴る方向まで決めて出番を待っていた。しかし最後まで呼ばれず、試合後にPK申請が通っていなかったことが判明。重要なカードを使えないまま敗退した。,"事件, メキシコ, 加藤純一, PK, 運営",公開
owabi-uniform,お詫びの2着目ユニフォーム,おわびのにちゃくめゆにふぉーむ,事件・出来事,"大会運営, メキシコ大会メンバー",第1回メキシコ大会,PK申請漏れへの謝罪として、なぜか選手全員へ同じユニフォームがもう1着配られた珍対応,PK申請漏れを謝罪した大会運営が、お詫びとしてムラッシュFCの選手へユニフォームを追加配布。失われたPKの代わりが同じユニフォームもう1枚という、何とも言えない対応が笑いを誘った。,"小ネタ, メキシコ, ユニフォーム, 運営, お詫び",公開
mexico-onna-fan-gk,メキシコで女ファンができたGK,めきしこでおんなふぁんができたごーるきーぱー,あだ名,"深谷圭佑, 加藤純一",第1回メキシコ大会,大会MVP級の活躍に加え、現地女性ファンまで獲得した深谷圭佑への愛ある呼び方,好セーブを重ねてチームを支えた深谷圭佑は、現地で女性ファンができるほど人気に。加藤純一からも羨ましがられ、競技面と別方向でも大会MVP級の存在感を放った。,"あだ名, メキシコ, 深谷圭佑, モテ, GK",公開
neji-gokyu,ネジ、勝利で号泣,ねじしょうりでごうきゅう,事件・出来事,ネジ（キャプテンムラッシュ）,第1回メキシコ大会,SP兼カメラマンのはずがチームへ感情移入し、勝利の日に号泣した裏方の名場面,加藤純一を守るSP兼カメラマンとして同行したネジは、撮影するうちにチームへ完全に感情移入。勝利の瞬間には裏方という立場を忘れるほど号泣し、最も熱いファンの一人になっていた。,"事件, メキシコ, ネジ, 号泣, スタッフ",公開
neji-shitagi-otsukai,ネジの下着おつかい,ねじのしたぎおつかい,事件・出来事,"ネジ, 加藤純一",第1回メキシコ大会,ショートパンツを頼まれたのに、小さすぎるスパッツのような下着を買ってきた大ポカ,加藤純一からショートパンツの購入を頼まれたネジ。しかし買ってきたのは、どう見ても小さすぎる下着のようなスパッツだった。異国でも通常運転の天然ぶりを発揮した。,"事件, メキシコ, ネジ, おつかい, 天然",公開
akagane-shoten-gochiso,赤金商店で全員にごちそう,あかがねしょうてんでぜんいんにごちそう,事件・出来事,"金武航二朗, メキシコ大会メンバー",第1回メキシコ大会,独特なステッカー商売の売上を使い、こうじろうがチーム全員へ食事をおごった太っ腹エピソード,金武航二朗が営む「赤金商店」のステッカー売上を使い、メキシコでチームメンバー全員に食事をごちそう。商売の仕組みは独特でも、仲間への還元は豪快だった。,"小ネタ, メキシコ, 金武航二朗, 赤金商店, 食事",公開
minna-ga-shitteru-nakamura,みんなが知ってる中村俊輔じゃない,みんながしってるなかむらしゅんすけじゃない,セリフ,"加藤純一, 中村駿介",第2回イタリア大会,同姓同名級の期待を先回りして外した、中村駿介紹介時の加藤純一のイジり,日本代表メンバーとして中村駿介を紹介した際、加藤純一は「みんなが知ってる中村俊輔じゃないかもしれない」と前置き。名前のインパクトを最大限に使った紹介だったが、本人は後にゴールで名前を刻む。,"セリフ, イタリア, 加藤純一, 中村駿介, イジり",公開
namaemake-shinai-nakamura,名前負けしない中村駿介,なまえまけしないなかむらしゅんすけ,あだ名,"中村駿介, 小田崚平",第2回イタリア大会,イジられた名前を実力で回収し、日本代表の大会初ゴールを決めた中村駿介の称号,開催国イタリアとの初戦で、小田崚平のパスを受けた中村駿介が先制点。メンバー発表時の名前イジりを結果で覆し、日本代表の大会第1号ゴールと試合MVPを手にした。,"あだ名, イタリア, 中村駿介, 初ゴール, MVP",公開
gk-punt-kick-goal,GKのパントキックゴール,ごーるきーぱーのぱんときっくごーる,事件・出来事,深谷圭佑,第2回イタリア大会,1対1の特殊ルール中、自陣からのパントキックをそのまま相手ゴールへ叩き込んだ珍ゴール,特殊な1対1の時間帯、深谷圭佑が自陣から放ったパントキックが相手ゴールへ。守護神が守るだけでなく自ら追加点を奪い、キングスリーグらしい意外性を見せつけた。,"名場面, イタリア, 深谷圭佑, GK, ゴール",公開
aite-president-pk-stop,相手プレジデントPKストップ,あいてぷれじでんとぴーけーすとっぷ,事件・出来事,"深谷圭佑, 加藤純一",第2回イタリア大会,相手オーナーのプレジデントPKを深谷圭佑が止め、ベンチの加藤純一を大興奮させた場面,アルゼンチン戦で相手プレジデントが蹴ったPKを深谷圭佑がセーブ。失点を防いだだけでなく、ベンチの加藤純一が全身で喜びを表すほどチームを沸かせた。,"名場面, イタリア, 深谷圭佑, PKストップ, 加藤純一",公開
shokin-wa-irimasen,賞金はいりません,しょうきんはいりません,セリフ,加藤純一,第2回イタリア大会,世界一への目標を語る中で、賞金よりトロフィーへの執着を宣言した一言,大会の目標を問われた加藤純一は、欲しいのは賞金ではなく優勝トロフィーだと断言。金額よりも勝利の証を持ち帰ることへ異常なほど強いこだわりを見せた。,"セリフ, イタリア, 加藤純一, 優勝, トロフィー",公開
yanimamire-trophy,ヤニまみれの配信部屋にトロフィー,やにまみれのはいしんべやにとろふぃー,セリフ,加藤純一,第2回イタリア大会,優勝トロフィーを自宅のヤニまみれの配信部屋へ飾ると宣言した独特の夢,世界一になったら、優勝トロフィーを誰にも渡さず自宅の配信部屋へ飾ると宣言。格式あるトロフィーと「ヤニまみれの部屋」という言葉の落差が、加藤純一らしい目標設定として残った。,"セリフ, イタリア, 加藤純一, 配信部屋, トロフィー",公開
katsu-tame-senjutsu-shototsu,勝つための戦術衝突,かつためのせんじゅつしょうとつ,事件・出来事,"中井健介, イタリア大会メンバー",第2回イタリア大会,守備ブロックか前線プレスかをめぐり、監督と選手が本気で意見をぶつけたミーティング,練習試合のハーフタイム、引いて守る監督案と前から奪いたい選手側の意見が衝突。感情的な場面を経ても、勝つために遠慮なく話し合う姿勢がチームを前進させた。,"事件, イタリア, 戦術, 中井健介, 衝突",公開
yarukaraniwa-kachitai,やるからには勝ちたい,やるからにはかちたい,セリフ,"イタリア大会メンバー, 中井健介",第2回イタリア大会,取り乱したことを謝りつつも、妥協できない理由を真っすぐ伝えた一言,戦術をめぐって監督へ強く意見した選手が、謝罪とともに口にした言葉。衝突自体が目的ではなく、本気で勝ちたいからこそ譲れないという気持ちが表れた。,"セリフ, イタリア, 戦術, 勝利, 本気",公開
nande-kanetake,全然金持てねえのになんで金武,ぜんぜんかねもてねえのになんでかねたけ,セリフ,"加藤純一, 金武航二朗",第2回イタリア大会,金武という名字を資産状況に結びつけた、加藤純一の雑すぎる名字イジり,金武航二朗の名字を見た加藤純一が、字面と本人の懐事情を強引に結びつけて放った一言。メンバー発表の緊張を一瞬で笑いへ変えた。,"セリフ, イタリア, 加藤純一, 金武航二朗, イジり",公開
kicho-na-waku-kojiro,貴重な枠にこうじろう入れんなよ,きちょうなわくにこうじろういれんなよ,セリフ,"加藤純一, 金武航二朗",第2回イタリア大会,代表枠に選ばれたこうじろうを、発表直後から容赦なくイジった愛ある一言,限られた日本代表枠へ金武航二朗が入ったことに対し、加藤純一が即座にツッコミ。実際には精神面を高く評価しており、期待の裏返しとして成立した愛あるイジり。,"セリフ, イタリア, 加藤純一, 金武航二朗, 愛され",公開
bench-uchigawa-mood-maker,ベンチの内側のムードメーカー,べんちのうちがわのむーどめーかー,あだ名,"金武航二朗, 加藤純一",第2回イタリア大会,劣勢でもネガティブなことを言わず、ベンチからチームを支えたこうじろうの役割,加藤純一は金武航二朗について、劣勢でも諦めずネガティブな言葉を吐かない点を評価。出場時間だけでは測れない、ベンチ内部から空気を作る重要人物だった。,"あだ名, イタリア, 金武航二朗, ムードメーカー, ベンチ",公開
meshi-gurai-tabesasetai,飯ぐらいは食べさせたい,めしくらいはたべさせたい,セリフ,"加藤純一, イタリア大会メンバー",第2回イタリア大会,サッカーの専門性はなくても、食事で選手を支えたいと語ったプレジデントの一言,イタリア到着後、チーム全員で肉料理を囲んだ加藤純一。自分はサッカーを教えられない分、せめて選手に食事をさせたいと語り、プレジデントなりの支え方を示した。,"セリフ, イタリア, 加藤純一, 食事, チーム愛",公開
minna-mou-hyakuten,みんなはもう100点,みんなはもうひゃくてん,セリフ,"加藤純一, イタリア大会メンバー",第2回イタリア大会,敗退で落ち込む選手たちを全肯定し、批判の矢面に自分が立つと伝えたロッカールームの言葉,モロッコ戦後、涙を流す選手へ加藤純一は胸を張って帰ってよいと語り、全員を「100点」と評価した。結果ではなく挑戦のすべてを認める、オーナーの責任と愛情が表れた。,"セリフ, イタリア, 加藤純一, ロッカールーム, 感動",公開
nihon-no-waku-tottekuru,俺が絶対に日本の枠は取ってくる,おれがぜったいににほんのわくはとってくる,セリフ,加藤純一,第2回イタリア大会,敗退直後にも次の参戦機会を自ら取りに行くと宣言し、選手へ希望を残した一言,敗退が決まったロッカールームで、加藤純一は次があるならトロフィーを持ち帰ると誓い、日本の出場枠も自分が必ず確保すると宣言。悔しさを未来の約束へ変えた。,"セリフ, イタリア, 加藤純一, 決意, 次大会",公開
pizza-shinashina,ピザがしなしなになった,ぴざがしなしなになった,セリフ,"加藤純一, イタリア代表",第2回イタリア大会,開催国イタリア撃破の喜びを、落胆する相手としなしなのピザに重ねた勝利表現,開催国イタリアを破った直後、加藤純一が大はしゃぎしながら口にした表現。強敵を倒した痛快さと現地への軽い煽りが混ざり、ムラッシュFC初期を代表する勝利ワードとなった。,"セリフ, イタリア, 加藤純一, 勝利, ピザ",公開
next-president-nafuda,ネクストプレジデント名札,ねくすとぷれじでんとなふだ,事件・出来事,"金武航二朗, 加藤純一",第3回フランス大会,落選後にスタッフ帯同したこうじろうが、自作名札で次期プレジデントを勝手に名乗った小ネタ,選手枠から外れた後もスタッフとして帯同した金武航二朗。初練習には「ネクストプレジデント」と書かれた自作ネームプレートを首から下げて現れ、加藤純一の次の座を狙うと宣言した。,"事件, フランス, 金武航二朗, ネクストプレジデント, 名札",公開
rakusen-staff-taido,選手落選からスタッフ帯同,せんしゅらくせんからすたっふたいどう,事件・出来事,"金武航二朗, 加藤純一",第3回フランス大会,選手枠では落選したこうじろうが、必要不可欠な存在としてスタッフ招集された異例の人事,トライアウトで13人の選手枠には入れなかった金武航二朗。しかし加藤純一は、嫌な役割を引き受ける姿勢とチームへの影響を評価し、スタッフ兼サポートメンバーとしてフランスへ連れて行った。,"事件, フランス, 金武航二朗, スタッフ, 帯同",公開
iyanakoto-sossen,嫌なことを率先して受け負う,いやなことをそっせんしてうけおう,セリフ,"加藤純一, 金武航二朗",第3回フランス大会,こうじろうを競技力以外の価値で評価し、帯同理由として語られた言葉,加藤純一が金武航二朗をフランスへ連れていく理由として挙げた評価。目立つ仕事ではなく、誰かがやらなければならない嫌な役割を引き受ける人間性が、チームに不可欠と判断された。,"セリフ, フランス, 加藤純一, 金武航二朗, 人間力",公開
omae-ga-team-wo-katasero,お前がチームを勝たせろ,おまえがちーむをかたせろ,セリフ,"柿谷曜一朗, 濱本和希",第3回フランス大会,離脱する柿谷曜一朗が同ポジションの濱本和希へ託した、重みのある直接メッセージ,アキレス腱の痛みで選手としての離脱を決めた柿谷曜一朗が、濱本和希へ直接送った言葉。自分が担うはずだった役割と勝利への責任を、短い一言で後輩へ託した。,"セリフ, フランス, 柿谷曜一朗, 濱本和希, 継承",公開
ujihashi-tsuika-shoshu,氏橋の突然追加招集,うじはしのとつぜんついかしょうしゅう,事件・出来事,"氏橋寛, 柿谷曜一朗",第3回フランス大会,一度は落選した氏橋寛へ突然電話が入り、フランス行きが決まったシンデレラ招集,柿谷曜一朗の離脱で空いた枠に、トライアウト落選者の氏橋寛が急きょ招集された。可能性を捨てず準備していた選手へ、突然世界大会への扉が開いた。,"事件, フランス, 氏橋寛, 追加招集, 下剋上",公開
jinsei-kakete-zenbu-noseru,人生を懸けて全部乗せる,じんせいをかけてぜんぶのせる,セリフ,氏橋寛,第3回フランス大会,突然のチャンスを受け、人生と自分の強みをすべてフランス大会へ持ち込むと誓った言葉,追加招集の電話を受けた氏橋寛は、願ってもない機会だと受け止め、自分の人生を懸けてすべてを乗せて戦うと宣言。一度落選したからこその強い覚悟がにじんだ。,"セリフ, フランス, 氏橋寛, 覚悟, 追加招集",公開
kaishi-ippun-gk-goal,開始1分GKゴール,かいしいっぷんごーるきーぱーごーる,事件・出来事,深谷圭佑,第3回フランス大会,開幕戦開始わずか1分、GK深谷圭佑のロングシュートから生まれた大会初得点,開催国の強豪との初戦、開始直後に深谷圭佑が自陣から右足を一閃。相手に当たったボールがネットへ入り、ムラッシュFCの大会初得点は再びGKから生まれた。,"名場面, フランス, 深谷圭佑, GK, 開始1分",公開
president-pk-hoimo,歓喜のプレジデントPK包囲網,かんきのぷれじでんとぴーけーほういもう,事件・出来事,"加藤純一, フランス大会メンバー",第3回フランス大会,同点PKを決めた加藤純一へ、選手全員が一斉に駆け寄って歓喜の輪を作った名場面,負ければ敗退の第2戦、1点差を追う場面で加藤純一がプレジデントPKを成功。ゴール直後、ピッチの選手たちがプレジデントを取り囲み、立場を超えた大きな歓喜の輪ができた。,"名場面, フランス, 加藤純一, PK, 歓喜",公開
nokori-nifun-nibai-own-goal,残り2分の2倍オウンゴール,のこりにふんのにばいおうんごーる,事件・出来事,"圓乘健介, フランス大会メンバー",第3回フランス大会,得点2倍の残り2分、圓乘健介の折り返しが相手に当たり劇的同点を生んだ場面,3-5で迎えた終盤、得点が2倍になる時間帯に圓乘健介が左から執念の折り返し。相手DFに当たったボールがゴールへ入り、一挙2点で5-5へ追いついた。,"名場面, フランス, 圓乘健介, ダブルゴール, オウンゴール",公開
jinsei-ichiban-no-toshi,人生で一番の闘志を見た,じんせいでいちばんのとうしをみた,セリフ,"加藤純一, フランス大会メンバー",第3回フランス大会,敗退後、選手が見せた戦う姿勢を人生最高級の言葉で称えたロッカールームの一言,シュートアウトで敗れた後、加藤純一は涙をこらえながら選手を称賛。結果は届かなくても、これほどの闘志は人生でも見たことがないと最大限の敬意を伝えた。,"セリフ, フランス, 加藤純一, 闘志, 感動",公開
itami-kakushite-shitsurei,痛みを隠してプレーするのは失礼,いたみをかくしてぷれーするのはしつれい,セリフ,柿谷曜一朗,第3回フランス大会,優勝を目指す仲間へ不十分な状態で混ざることを良しとせず、離脱を選んだ柿谷曜一朗の判断,アキレス腱の古傷が悪化した柿谷曜一朗は、痛みをごまかして出場することこそ仲間に失礼だと判断。実績のある選手が自ら枠を譲る、厳しいプロ意識が表れた。,"セリフ, フランス, 柿谷曜一朗, 離脱, プロ意識",公開
jibun-shuyaku-team-yusen,自分が主役、でもチーム優先,じぶんがしゅやくでもちーむゆうせん,セリフ,"フランス大会メンバー, 中井健介",第3回フランス大会,個人が主役になる気概と、チームの勝利を優先する規律を両立させた合言葉,異なる競技背景を持つ選手同士が衝突する中で生まれた考え方。全員が自分で試合を決める気持ちは持ちながらも、最後はチームの勝利につながるプレーを選ぶと確認した。,"セリフ, フランス, 戦術, チーム, 主役",公開
ichiban-daiji-kazoku,一番大事なのは家族,いちばんだいじなのはかぞく,セリフ,"深谷圭佑, 加藤純一",第4回ブラジル大会,出産を控えた家族を優先した深谷圭佑の決断を、加藤純一が即座に肯定した言葉,妻の出産時期と遠征が重なった深谷圭佑が不参加を相談すると、加藤純一は家族より大切なものはないと即答。主力GKの不在より、一人の人生を優先した。,"セリフ, ブラジル, 加藤純一, 深谷圭佑, 家族",公開
sono-otoko-no-handan,その男の判断を尊重,そのおとこのはんだんをそんちょう,セリフ,"加藤純一, 深谷圭佑",第4回ブラジル大会,家族を選んだ深谷圭佑の決断を、オーナーとしてではなく一人の男として認めた一言,絶対的守護神が大会へ出られない大ピンチでも、加藤純一は判断を責めなかった。家族を優先する選択を尊重できると伝え、チームと個人の人生を切り分けた。,"セリフ, ブラジル, 加藤純一, 深谷圭佑, リスペクト",公開
hamamoto-kazoku-no-hero,濱本、家族のヒーローになる,はまもとかぞくのひーろーになる,事件・出来事,"濱本和希, 家族",第4回ブラジル大会,亡き両親と妹・弟への思いを背負い、誇られる兄になると誓った濱本和希の決意,両親を亡くした濱本和希は、残された妹や弟が誇れる兄になることを決意。人生は一度きりという思いを世界大会への挑戦に重ね、家族のヒーローを目指した。,"ドラマ, ブラジル, 濱本和希, 家族, ヒーロー",公開
hachinenburi-oyako-kaiwa,8年ぶりの親子の会話,はちねんぶりのおやこのかいわ,事件・出来事,"横山航河, 横山航河の父",第4回ブラジル大会,キングスリーグ参加をきっかけに、約8年疎遠だった父と横山航河が再び話したエピソード,大学時代にサッカーを辞めてから父と疎遠になっていた横山航河。ムラッシュFC加入を報告すると父が動画を見るようになり、約8年ぶりに電話で会話できた。,"ドラマ, ブラジル, 横山航河, 親子, 再会",公開
nazo-no-tensai,謎の天才,なぞのてんさい,あだ名,"重信圭佑, 中村駿介",第4回ブラジル大会,中村駿介がトライアウトへ連れてきた、無名ながら対人能力と左足を備えた重信圭佑の呼び名,強豪校や大学サッカーの華やかな経歴がない重信圭佑を、中村駿介監督が「謎の天才」と紹介。実際に対人の強さと左足のシュートを見せ、代表入りを勝ち取った。,"あだ名, ブラジル, 重信圭佑, 中村駿介, 天才",公開
renshu-sae-nai-saitama-yonbu,練習さえない埼玉4部,れんしゅうさえないさいたまよんぶ,事件・出来事,重信圭佑,第4回ブラジル大会,練習のない埼玉県4部チームから世界大会代表まで駆け上がった異色の経歴,重信圭佑が所属していたのは、練習さえないという埼玉県4部のチーム。そこからトライアウトで実力を証明し、日本代表としてブラジルへ行くという極端な成り上がりを実現した。,"小ネタ, ブラジル, 重信圭佑, 埼玉4部, 下剋上",公開
nomiso-limiter-hazuse,脳みそのリミッターを外せ,のうみそのりみったーをはずせ,セリフ,"加藤純一, ブラジル大会メンバー",第4回ブラジル大会,世界で勝つには無意識の遠慮を捨て、限界以上を出せと迫った魂の説教の核心,初戦後、加藤純一は選手が本来の力を出し切れていないと見抜いた。技術だけでなく、自分を抑える心理的なリミッターを外さなければ勝てないと強く訴えた。,"セリフ, ブラジル, 加藤純一, 説教, 限界突破",公開
hyakuniju-percent-no-chikara,120％の力,ひゃくにじゅっぱーせんとのちから,セリフ,"加藤純一, ブラジル大会メンバー",第4回ブラジル大会,100％では世界に届かないとして、さらに上の出力を選手へ要求した言葉,地球の裏側まで来て生半可なプレーは許さないと語った加藤純一。相手に勝つには通常の全力では足りず、120％を出す必要があると選手へ迫った。,"セリフ, ブラジル, 加藤純一, 120パーセント, 本気",公開
itsuwari-no-chowa,偽りの調和はいらない,いつわりのちょうわはいらない,セリフ,"加藤純一, ブラジル大会メンバー",第4回ブラジル大会,年齢や経験へ遠慮して本音を言わない関係を、本当のチームではないと断じた一言,選手同士が衝突を避け、表面的に仲良くする空気を加藤純一は否定。勝利のために必要な意見を言えない関係は「偽りの調和」だとし、本音でぶつかることを求めた。,"セリフ, ブラジル, 加藤純一, ミーティング, 本音",公開
shinya-kinkyu-meeting,深夜の緊急ミーティング,しんやのきんきゅうみーてぃんぐ,事件・出来事,"加藤純一, 成田雄聖, 三浦パブロ, 縣翔平, ブラジル大会メンバー",第4回ブラジル大会,初戦敗北の夜、加藤純一が選手を自室へ集め、本音を引き出したチーム再構築の場,初戦の夜、加藤純一は選手を自室へ緊急招集。勝てると思っているのかを問い、成田雄聖・三浦パブロ・縣翔平らを名指ししながら、遠慮なく意見をぶつけるチームへ変わるよう迫った。,"事件, ブラジル, 加藤純一, 緊急招集, ミーティング",公開
ore-wa-zettai-ayamaranai,俺は絶対謝らない,おれはぜったいあやまらない,セリフ,"加藤純一, ブラジル大会メンバー",第4回ブラジル大会,PK失敗を引きずらず、下を向かない姿勢を自分から示したプレジデントの宣言,アルゼンチン戦でPKを止められた加藤純一は、試合後に謝らないと宣言。責任逃れではなく、失敗へ縮こまらず次も挑む姿勢を選手へ示すための言葉だった。,"セリフ, ブラジル, 加藤純一, PK失敗, メンタル",公開
tsugi-mo-zettai-ore-ga-kimeru,次も絶対俺が決める,つぎもぜったいおれがきめる,セリフ,加藤純一,第4回ブラジル大会,PKを外した直後にも、次の機会から逃げず再び自分が蹴ると宣言した一言,大きな失敗の後でも、加藤純一は次のPKも自分が蹴って決めると断言。批判を恐れて役割を手放すのではなく、再挑戦を選ぶプレジデントのメンタルを象徴する。,"セリフ, ブラジル, 加藤純一, PK, 再挑戦",公開
tulio-otoko-ka,闘莉王の男か男じゃないか,とうりおのおとこかおとこじゃないか,セリフ,"田中マルクス闘莉王, ブラジル大会メンバー",第4回ブラジル大会,最後のチャンスを前に、勝敗が自分の覚悟を決めると選手へ迫った闘莉王の檄,ドイツ戦前に合流した田中マルクス闘莉王は、ワールドカップの名を背負うなら燃えなければならないと訴えた。最後の一戦で自分が男かどうか決まるという強烈な言葉で覚悟を引き上げた。,"セリフ, ブラジル, 闘莉王, 日本代表, 檄",公開
tsugi-nante-neendayo,次なんてねえんだよ！,つぎなんてねえんだよ,セリフ,"成田雄聖, 宮下豪也",第4回ブラジル大会,3連敗後の「次いこ！」に、一度も出場できなかった第2GKの悔しさが爆発した叫び,敗退直後、宮下豪也が前を向かせるため「次いこ！」と声をかけると、成田雄聖が号泣しながら反発。出場機会のないまま大会が終わった悔しさと、この瞬間へ懸けた覚悟が噴き出した。,"セリフ, ブラジル, 成田雄聖, 宮下豪也, 号泣",公開
orera-defense-inochi,俺らディフェンス命かけてんだから,おれらでぃふぇんすいのちかけてんだから,セリフ,"縣翔平, ブラジル大会攻撃陣",第4回ブラジル大会,寡黙な縣翔平が、守備陣の覚悟を背負って攻撃陣へ得点を要求した怒りの言葉,普段は多くを語らない縣翔平が、守備陣は命をかけているのだから前線は点を取ってほしいと激昂。静かな選手から出たからこそ、チーム全員へ刺さった。,"セリフ, ブラジル, 縣翔平, ディフェンス, 激昂",公開
tamashii-no-sekkyo,魂の説教,たましいのせっきょう,事件・出来事,"加藤純一, ブラジル大会メンバー",第4回ブラジル大会,初戦後、選手の遠慮と出力不足を見抜いた加藤純一が本気で問い詰めたロッカールームの説教,初戦の敗北以上に、選手が本来の力を見せられなかったことを悔しがった加藤純一。「本気でやっているのか」と問い、世界で勝つための姿勢を根本から変えようとした。,"事件, ブラジル, 加藤純一, 説教, 転機",公開
kokusai-nanarenpai,国際大会7連敗,こくさいたいかいななれんぱい,事件・出来事,"加藤純一, ムラッシュFC",第4回ブラジル大会,フランス大会からブラジル大会まで勝利できず、チーム完全改革の引き金となった重い数字,ブラジル大会の3連敗によって、ムラッシュFCは国際大会通算7連敗へ到達。単なる戦績ではなく、ロスター全リセットと常設チーム再構築を決断させた転換点の数字となった。,"事件, ブラジル, 7連敗, 改革, 再スタート",公開
kizon-member-zenin-zero,既存メンバー全員ゼロ,きぞんめんばーぜんいんぜろ,事件・出来事,"加藤純一, 既存メンバー",再スタート編,過去の実績や情をいったん白紙にし、全員を競争へ戻したロスター完全リセット,7連敗を受け、加藤純一は既存メンバーを一度すべてゼロにすると宣言。過去の貢献で席を保証せず、新規参加者と同じ土俵で再び選考する厳しい改革が始まった。,"事件, 再スタート, 加藤純一, ロスター, 競争",公開
kizon-member-hikizuriorose,既存メンバーを引きずり下ろせ,きぞんめんばーをひきずりおろせ,セリフ,"加藤純一, 一般応募者, 既存メンバー",再スタート編,新規参加者へ、遠慮せず現メンバーの席を奪えと煽ったセレクション開幕の号令,約250名が集まった1次セレクションで、加藤純一は既存選手にあぐらをかかせないため、全員を引きずり下ろす気持ちで挑めと参加者へ要求した。,"セリフ, 再スタート, 加藤純一, セレクション, 下剋上",公開
nihyakugoju-nin-kara-16-nin,250人から16人,にひゃくごじゅうにんからじゅうろくにん,事件・出来事,"セレクション参加者, 新生ムラッシュFC",再スタート編,約250名の応募者から、複数段階の選考を経て最終的に16名だけが残った大サバイバル,一般応募、既存選手、スカウト選手が入り乱れる長期選考の末、新生ムラッシュFCへ選ばれたのは16名。数字だけでも選考の過酷さが伝わる。,"事件, 再スタート, 250人, 16人, セレクション",公開
odake-jitakutotsu-gokaku,小田家への自宅凸合格発表,おだけへのじたくとつごうかくはっぴょう,事件・出来事,"加藤純一, 小田崚平",再スタート編,1位通過した小田崚平の自宅へ加藤純一が突然現れ、直接結果を伝えたサプライズ,ブラジル大会の選考で落ちた後も準備を続け、1次セレクションでトップ評価を得た小田崚平。加藤純一は自宅を突然訪問し、本人へ直接1位通過を報告した。,"事件, 再スタート, 加藤純一, 小田崚平, 自宅凸",公開
nakichichi-to-juban,亡き父と10番,なきちちとじゅうばん,事件・出来事,"中村駿介, 中村駿介の母, 加藤純一",再スタート編,実家訪問で亡き父との物語が明かされ、10番を背負い続ける覚悟が深まった場面,加藤純一が中村駿介の実家を訪問し、亡き父と母の支えにまつわる話が明かされた。単なる背番号ではなく、10番に家族と人生を背負う意味があると伝わった。,"ドラマ, 再スタート, 中村駿介, 10番, 家族",公開
zankoku-ni-juni,残酷に順位までつける,ざんこくにじゅんいまでつける,セリフ,"加藤純一, セレクション参加者",再スタート編,曖昧な合否ではなく、全員へ順位をつけて優劣を明確にすると宣言した厳しい選考方針,既存選手も加わる2次セレクションで、加藤純一は残酷なほど明確に順位をつけると宣言。情や物語だけでなく、勝つための序列を可視化する方針を示した。,"セリフ, 再スタート, 加藤純一, 順位, サバイバル",公開
kizon-scout-ippan-mitsudomoe,既存・スカウト・一般の三つ巴,きぞんすかうといっぱんのみつどもえ,事件・出来事,"既存メンバー, スカウト組, 1次通過者",再スタート編,立場の異なる3グループが同じ枠を奪い合った、新体制セレクションの構図,2次選考から既存のムラッシュFC選手が合流。スカウトで呼ばれた実力者と、1次を勝ち上がった一般参加者を含む三つ巴となり、肩書きの通用しない競争が始まった。,"事件, 再スタート, 既存組, スカウト, 一般応募",公開
chutohanpa-na-kimochi,中途半端な気持ちで来る場所じゃない,ちゅうとはんぱなきもちでくるばしょじゃない,セリフ,"圓乘健介, セレクション参加者",再スタート編,海外挑戦との間で揺れた圓乘健介が、自ら辞退する際に示したムラッシュFCへの敬意,海外挑戦の夢とキングスリーグへの思いの間で葛藤した圓乘健介は、半端な覚悟で残るべきではないと判断し自ら辞退。3大会を支えた選手の引き際として強い印象を残した。,"セリフ, 再スタート, 圓乘健介, 辞退, 覚悟",公開
kega-gotoki-de-chance,怪我ごときでチャンスを逃せない,けがごときでちゃんすをのがせない,セリフ,怪我を抱えたセレクション参加者,再スタート編,一度きりの選考機会を、怪我を理由に手放す方が納得できないと強行出場した挑戦者の覚悟,怪我を抱えながら出場した参加者は、自分の怪我程度でこの機会をみすみす逃す方が納得できないと語った。身体のリスクより、挑戦しない後悔を恐れた。,"セリフ, 再スタート, セレクション, 怪我, 覚悟",公開
rokunin-beya-gasshuku,6人部屋の合宿,ろくにんべやのがっしゅく,事件・出来事,4次セレクション参加者,再スタート編,厳しい選考の合間、6人部屋で候補者同士が共同生活した合宿ならではの距離感,千葉合宿では、ライバル同士が6人部屋で寝食を共にした。部屋では和気あいあいとしていても、ピッチへ出れば同じポジションを奪い合うという独特の緊張感があった。,"小ネタ, 再スタート, 千葉合宿, 6人部屋, 共同生活",公開
nodo-no-takai-renshu,より濃度の高い練習を,よりのうどのたかいれんしゅうを,セリフ,"太田宏介, 4次セレクション参加者",再スタート編,一見前向きな言葉の直後に4人の落選が告げられ、恐怖の前振りとなった監督の一言,合宿1日目の夜、太田宏介監督は今後さらに濃度の高い練習をしたいと切り出した。その直後に4名の落選が発表され、この言葉自体が選考の非情さを知らせる合図になった。,"セリフ, 再スタート, 太田宏介, 千葉合宿, 落選",公開
gasshuku-shonichi-yonin-rakusen,合宿初日夜の4人落選,がっしゅくしょにちよるのよにんらくせん,事件・出来事,"太田宏介, 4次セレクション参加者",再スタート編,合宿が終わるまで残れると思った空気を壊し、初日の夜に突然4人が帰された非情な選考,合宿初日を終えた夜、選考は翌日まで続くという安心を覆すように4名の落選が発表された。候補者は寝食を共にする仲間であると同時に、いつ消えるか分からないライバルだと突きつけられた。,"事件, 再スタート, 千葉合宿, 4人落選, サバイバル",公開
pablo-gasshukujo-wo-saru,パブロ、合宿所を去る,ぱぶろがっしゅくじょをさる,事件・出来事,"三浦パブロ, 太田宏介",再スタート編,チームを牽引してきた三浦パブロも例外なく落選し、その夜に合宿所を後にした場面,過去大会で存在感を示した三浦パブロも、ゴールという結果を見せ切れなかったとして落選。実績ある選手さえ守られない新体制の厳しさを象徴した。,"事件, 再スタート, 三浦パブロ, 落選, 千葉合宿",公開
boku-ni-makasete-kudasai,僕に任せてください,ぼくにまかせてください,セリフ,"縣翔平, 加藤純一",再スタート編,ブラジル大会で発言できなかったことを問われ、今後は自分がチームを変えると誓った縣翔平の一言,加藤純一から、なぜブラジル大会でチームのために発言しなかったのかと問われた縣翔平。二度とぬるい始まりにはさせないという言葉に対し、自分へ任せてほしいと答えた。,"セリフ, 再スタート, 縣翔平, 加藤純一, リーダー",公開
nami-no-senshu-de-owaruzo,並の選手で終わるぞ,なみのせんしゅでおわるぞ,セリフ,"加藤純一, 宮下豪也",再スタート編,自分で決めた限界の中だけで生きる宮下豪也へ、突き抜けなければ普通で終わると迫った愛のムチ,宮下豪也の能力を認めるからこそ、加藤純一は現状の枠内で満足すれば「波の選手」で終わると厳しく指摘。限界を自分で壊すことを求めた。,"セリフ, 再スタート, 加藤純一, 宮下豪也, 面談",公開
team-no-junkatsuyu,チームの潤滑油,ちーむのじゅんかつゆ,あだ名,"中村駿介, 加藤純一",再スタート編,技術だけでなく、人と人をつないでチームを動かす役割を期待された中村駿介の呼び名,個人面談で中村駿介には、チームの潤滑油という自分の役割を理解しているかが確認された。プレーだけでなく、選手同士をつなぐ人間力も選考対象になっていた。,"あだ名, 再スタート, 中村駿介, 潤滑油, 人間力",公開
revenants,レベナンツ,れべなんつ,あだ名,"中井健介, 三浦パブロ, 田村佳翔, 成田雄聖ほか",再スタート編,落選メンバーが前監督のもとへ集まり、候補チームへ挑んだ「亡霊たち」のチーム名,最終セレクションで対戦相手となったのは、中井健介前監督に率いられた落選者チーム「レベナンツ」。選ばれなかった者たちが、自分たちの価値をもう一度証明する舞台となった。,"あだ名, 再スタート, レベナンツ, 落選者, 反逆",公開
erabanakatta-koto-wo-kokai,選ばなかったことを後悔させる,えらばなかったことをこうかいさせる,セリフ,レベナンツの選手たち,再スタート編,落選者チームが選考側へ突きつけた、反逆と再評価を懸けた試合のテーマ,一度不合格を告げられた選手たちは、最終戦で選ばなかった判断を後悔させる気迫を見せた。単なる練習相手ではなく、最後の自己証明として候補チームへ襲いかかった。,"セリフ, 再スタート, レベナンツ, 反逆, 最終セレクション",公開
president-pk-meian,プレジデントPK明暗,ぷれじでんとぴーけーめいあん,事件・出来事,"加藤純一, 柿谷曜一朗",再スタート編,加藤純一がPKを外す一方、ダブルオーナー柿谷曜一朗は成功させた対照的な場面,最終セレクションでは両オーナーがプレジデントPKへ。加藤純一が失敗した直後、柿谷曜一朗は落ち着いて成功させ、サッカー経験の差も含めて鮮やかな明暗がついた。,"事件, 再スタート, 加藤純一, 柿谷曜一朗, PK",公開
hachi-tai-yon,8対4,はちたいよん,事件・出来事,"新生候補チーム, レベナンツ",再スタート編,反逆の落選者チームを相手に、新生候補側が勝利した最終セレクションのスコア,レベナンツの追い上げを受けながらも、最終的な試合結果は8対4で候補チームの勝利。新生16名が決まる直前の、ひとつの区切りとなる数字。,"事件, 再スタート, 8対4, レベナンツ, 最終セレクション",公開
ochita-senshu-ga-hairitai-team,落ちた選手がもう一度入りたいチーム,おちたせんしゅがもういちどはいりたいちーむ,セリフ,"加藤純一, 落選者, 新生メンバー",再スタート編,不合格者にも再び目指されるほど魅力と強さのあるチームを作ると誓った言葉,16名が決まった後、加藤純一は落選者を切り捨てるのではなく、また入りたいと思われるチームにすると宣言。競争を終わりではなく循環へ変える方針を示した。,"セリフ, 再スタート, 加藤純一, 落選者, 未来",公開
nozaki-senshu-kara-manager,野崎、選手からマネージャー,のざきせんしゅからまねーじゃー,事件・出来事,"野崎雅也, 加藤純一",再スタート編,過去大会を戦った野崎雅也が、ロスター改革で選手からチームマネージャーへ転身した人事,これまで選手としてピッチに立った野崎雅也は、新体制でマネージャーへ。戦う側から支える側への重い役割変更で、チームの歴史と新体制をつなぐ存在になった。,"事件, 再スタート, 野崎雅也, マネージャー, 転身",公開
double-owner,ダブルオーナー,だぶるおーなー,あだ名,"加藤純一, 柿谷曜一朗",再スタート編,配信者プレジデント加藤純一と元日本代表柿谷曜一朗が並ぶ、新生ムラッシュFCの共同オーナー体制,アドバイザーだった柿谷曜一朗が共同オーナーへ就任し、加藤純一とのダブルオーナー体制が誕生。エンタメと競技の両面を象徴する二頭体制となった。,"あだ名, 再スタート, 加藤純一, 柿谷曜一朗, 新体制",公開
mini-kings,ミニキングス,みにきんぐす,事件・出来事,"加藤純一, ネジ, ムラッシュFC関係者",再スタート編,選手やスタッフがキングスリーグ形式で対戦し、競技とバラエティが混ざった番外企画,本番の選考とは別に行われたミニキングスリーグ企画。加藤純一率いるチームとネジ率いるスタッフ側がぶつかり、真剣勝負の中にムラッシュらしい笑いが詰まった。,"事件, 再スタート, ミニキングス, ネジ, 番外編",公開
zenin-sanka-captain-senkyo,全員参加キャプテン選挙,ぜんいんさんかきゃぷてんせんきょ,事件・出来事,"新生16名, 加藤純一, 太田宏介",再スタート編,監督指名ではなく、全選手の投票で新キャプテンを決めた初練習の一大イベント,新生16名が初めて集まった練習で、キャプテンを全員参加の選挙で決定。候補者の言葉や普段の信頼関係が可視化され、チーム作りの第一歩になった。,"事件, 新生ムラッシュFC, キャプテン, 選挙, 初練習",公開
agata-captain-tanjo,縣キャプテン誕生,あがたきゃぷてんたんじょう,事件・出来事,"縣翔平, 新生16名",再スタート編,全員投票のキャプテン選挙を経て、寡黙だった縣翔平が新チームの主将に選ばれた瞬間,ブラジル大会では発言できなかったことを悔やんだ縣翔平が、新生チームではキャプテンへ。個人面談での「僕に任せてください」が、役割として現実になった。,"事件, 新生ムラッシュFC, 縣翔平, キャプテン, 選挙",公開
soccer-no-kusoumai-mokou,サッカーのクソ上手いもこう,さっかーのくそうまいもこう,あだ名,白石郁哉,再スタート編,白石郁哉の見た目や雰囲気と高い技術を組み合わせ、視聴者が付けたとされるファン呼称候補,新生チームの初練習で白石郁哉を見た一部視聴者から生まれたとされる呼び方。親しみやすい雰囲気と、ボールを持った時の確かな技術の落差を表している。,"あだ名, 新生ムラッシュFC, 白石郁哉, もこう, ファン呼称",公開
janken-star-player,じゃんけんスタープレイヤー,じゃんけんすたーぷれいやー,事件・出来事,濱本和希ほか,再スタート編,スタープレイヤーの機会をじゃんけんで得たとされる、キングスらしい小さな運命分岐,最終セレクションで、特殊枠のスタープレイヤーを担当する機会がじゃんけんで決まったとされる小ネタ。大きな選考の裏で、運の要素が出場機会を左右した。,"小ネタ, 再スタート, じゃんけん, スタープレイヤー, 最終セレクション",公開
pablo-goal-go-aori,パブロのゴール後煽り,ぱぶろのごーるごあおり,事件・出来事,"三浦パブロ, レベナンツ, 観客",再スタート編,レベナンツ側の得点後、三浦パブロが観客へ感情をぶつけたとされる反逆のワンシーン,落選者チームとして最終戦へ戻った三浦パブロが、得点に絡んだ後に観客席へ強い感情を示したとされる場面。悔しさと自己証明が表面化した、数秒の反逆シーン候補。,"小ネタ, 再スタート, 三浦パブロ, レベナンツ, 煽り",公開
saishu-16-nin-yomiage,最終16人読み上げ,さいしゅうじゅうろくにんよみあげ,事件・出来事,"柿谷曜一朗, 新生ムラッシュFC16名",再スタート編,試合後のピッチで柿谷曜一朗が一人ずつ名前を呼び、新生チームが誕生した瞬間,8対4の試合後、柿谷曜一朗が最終合格者16名を順番に読み上げた。長いセレクションの物語が終わり、名前を呼ばれた者たちが新生ムラッシュFCとなった。,"事件, 再スタート, 柿谷曜一朗, 16人, 合格発表",公開
fukaya-saishu-save-renpatsu,深谷の最終セーブ連発,ふかやのさいしゅうせーぶれんぱつ,事件・出来事,"深谷圭佑, レベナンツ",再スタート編,落選者の執念を受ける最終戦で、深谷圭佑が再三の好セーブを見せて候補チームを支えた,レベナンツが猛追する中、深谷圭佑は重要な場面で何度もシュートを防いだ。既存メンバーも無条件では残れない選考で、守護神としての価値を改めて証明した。,"名場面, 再スタート, 深谷圭佑, GK, 好セーブ",公開
